{
    "+traits": [
        "texturepacks"
    ],
    "assetIndex": {
        "id": "pre-1.6",
        "sha1": "3d8e55480977e32acd9844e545177e69a52f594b",
        "size": 74091,
        "totalSize": 49505710,
        "url": "https://piston-meta.mojang.com/v1/packages/3d8e55480977e32acd9844e545177e69a52f594b/pre-1.6.json"
    },
    "compatibleJavaMajors": [
        8
    ],
    "formatVersion": 1,
    "mainJar": {
        "downloads": {
            "artifact": {
                "sha1": "4a2fac7504182a97dcbcd7560c6392d7c8139928",
                "size": 4032098,
                "url": "https://launcher.mojang.com/v1/objects/4a2fac7504182a97dcbcd7560c6392d7c8139928/client.jar"
            }
        },
        "name": "com.mojang:minecraft:1.2.5:client"
    },
    "name": "Minecraft",
    "releaseTime": "2012-03-30T00:00:00+02:00",
    "type": "release",
    "uid": "net.minecraft",
    "version": "1.3.1",
    "minecraftArguments": "--username ${auth_player_name} --gameDir ${game_directory} --uuid ${auth_uuid} --accessToken ${auth_access_token} --userType ${user_type}"
}
